Order_ID,Customer_Name,Food_Item,Category,Quantity,Price,Payment_Method,Order_Year,Order_Month,Order_Day,Order_Weekday,Order_Time
2268,Mary Vega DDS,Pasta,Main,5,16.52,Cash,2025,2,2,Sunday,02:28 PM
3082,Brandon Myers,Brownie,Dessert,4,17.27,Debit Card,2025,6,8,Sunday,10:57 AM
3160,Margaret Wells,Pasta,Main,1,3.37,Credit Card,2025,3,4,Tuesday,07:41 AM
1272,Michael Matthews,Pasta,Main,5,2.2,Online Payment,2025,5,15,Thursday,12:43 PM
9447,Connor Williams,Soup,Starter,1,12.23,Cash,2025,3,15,Saturday,02:25 PM
1587,Matthew Miles,Brownie,Dessert,5,7.39,Credit Card,2025,4,12,Saturday,05:49 AM
2834,Catherine Thompson,Soup,Starter,3,8.31,Credit Card,2025,6,20,Friday,06:19 PM
4514,Nathan Holland,Soup,Starter,4,2.28,Cash,2025,5,30,Friday,09:24 AM
3946,Anthony Sherman,Pasta,Main,1,13.05,Credit Card,2025,6,3,Tuesday,01:41 AM
3174,Carolyn Roberts,Cake,Dessert,4,19.48,Cash,2025,7,18,Friday,12:59 AM
8018,Johnny Dennis,Burger,Main,5,11.79,Debit Card,2025,4,28,Monday,08:09 AM
5134,Michael Barton,Cake,Dessert,1,20.73,Online Payment,2025,2,5,Wednesday,12:34 AM
5409,Heidi Boyle,Ice Cream,Dessert,5,4.77,Cash,2025,4,28,Monday,08:32 AM
4626,George Smith,Fries,Starter,3,3.44,Credit Card,2025,5,5,Monday,08:56 AM
4390,Thomas Frazier,Pizza,Main,1,4.84,Cash,2025,4,22,Tuesday,02:38 AM
9040,David Bailey,Cake,Dessert,5,19.49,Cash,2025,5,21,Wednesday,02:35 PM
5649,Larry Harvey,Salad,Starter,4,21.98,Online Payment,2025,3,14,Friday,03:47 PM
7756,Christina Cochran,Brownie,Dessert,1,21.83,Credit Card,2025,7,26,Saturday,08:22 AM
2857,Aaron Bruce,Salad,Starter,4,4.72,Debit Card,2025,4,22,Tuesday,07:43 PM
8170,Anna Smith,Pasta,Main,3,21.48,Cash,2025,5,28,Wednesday,05:07 PM
2933,Andrew Hill,Fries,Starter,3,20.78,Credit Card,2025,7,30,Wednesday,03:53 AM
3742,Angela Sherman,Burger,Main,2,10.81,Cash,2025,2,20,Thursday,09:20 AM
8664,Austin Cain,Burger,Main,5,19.78,Debit Card,2025,5,20,Tuesday,04:56 PM
9769,Scott Clark,Burger,Main,2,17.22,Cash,2025,5,28,Wednesday,10:37 PM
9125,Cindy Smith,Fries,Starter,3,16.68,Online Payment,2025,8,4,Monday,01:08 PM
1486,Elizabeth Contreras,Fries,Starter,3,15.77,Debit Card,2025,7,11,Friday,07:28 AM
4707,Robert Simmons,Soup,Starter,3,24.45,Cash,2025,8,6,Wednesday,01:59 PM
1964,Ana Brooks,Soup,Starter,3,9.86,Cash,2025,1,28,Tuesday,08:49 AM
6828,Jason King,Salad,Starter,4,7.64,Cash,2025,3,2,Sunday,10:16 AM
2651,Andrew Stephens,Soup,Starter,3,24.99,Online Payment,2025,3,14,Friday,12:34 PM
1088,Carol Lynch,Ice Cream,Dessert,1,14.82,Cash,2025,4,12,Saturday,10:21 AM
6841,Amy Ellis,Brownie,Dessert,5,5.97,Credit Card,2025,8,12,Tuesday,09:36 AM
7606,Kathleen Miranda,Pizza,Main,3,19.67,Debit Card,2025,2,18,Tuesday,08:11 PM
7720,Lynn Smith,Cake,Dessert,1,22.1,Debit Card,2025,1,25,Saturday,12:55 PM
9332,Michelle Rodriguez,Soup,Starter,3,14.6,Online Payment,2025,1,21,Tuesday,11:18 PM
7106,Emily Mcmillan,Salad,Starter,5,17.38,Cash,2025,6,21,Saturday,10:04 PM
3007,Gavin Griffin,Ice Cream,Dessert,5,10.42,Online Payment,2025,3,11,Tuesday,03:50 PM
4081,Jennifer Friedman,Cake,Dessert,5,17.18,Online Payment,2025,3,26,Wednesday,08:57 AM
7215,Brittany Hughes,Soup,Starter,1,14.27,Cash,2025,7,30,Wednesday,07:02 PM
8800,Margaret Lopez,Soup,Starter,1,21.58,Cash,2025,6,26,Thursday,01:08 PM
2121,Lori James,Burger,Main,1,22.48,Online Payment,2025,6,17,Tuesday,01:26 PM
2187,Heather Wheeler,Salad,Starter,2,12.43,Cash,2025,6,5,Thursday,03:05 AM
9709,Susan Glenn,Cake,Dessert,4,21.78,Cash,2025,6,20,Friday,10:28 PM
9211,Richard Lee,Pizza,Main,5,6.59,Cash,2025,8,5,Tuesday,10:33 PM
9271,Jennifer Barron,Salad,Starter,1,7.31,Debit Card,2025,5,15,Thursday,01:59 PM
4925,Lauren Freeman,Brownie,Dessert,5,12.99,Online Payment,2025,6,26,Thursday,01:27 PM
4142,Matthew Perry,Ice Cream,Dessert,2,4.37,Online Payment,2025,5,1,Thursday,01:41 AM
9859,William Rasmussen,Ice Cream,Dessert,5,10.01,Credit Card,2025,3,24,Monday,01:55 PM
2951,Anthony Jennings,Fries,Starter,3,22.14,Credit Card,2025,8,7,Thursday,02:43 PM
9086,James Nixon,Soup,Starter,1,10.32,Online Payment,2025,8,14,Thursday,07:20 AM
4055,Shannon Young,Salad,Starter,1,10.79,Credit Card,2025,5,9,Friday,05:40 AM
1684,Logan Maddox,Cake,Dessert,3,5.18,Debit Card,2025,1,27,Monday,02:30 PM
9428,Christina Donovan,Salad,Starter,5,3.53,Debit Card,2025,2,20,Thursday,07:16 AM
7605,Jessica Burke,Pasta,Main,4,23.55,Credit Card,2025,7,13,Sunday,12:42 PM
6565,Brandy Lewis,Cake,Dessert,4,6.61,Debit Card,2025,5,30,Friday,06:14 PM
6309,Sheri White,Salad,Starter,5,15.44,Online Payment,2025,8,1,Friday,05:25 PM
7930,Amanda Mcfarland,Brownie,Dessert,3,15.07,Cash,2025,4,24,Thursday,12:27 PM
1430,James Jones,Soup,Starter,1,17.38,Credit Card,2025,6,9,Monday,09:53 AM
8321,Tamara Winters,Fries,Starter,1,19.75,Cash,2025,7,27,Sunday,05:02 AM
2447,Jason Phillips,Brownie,Dessert,2,10.24,Debit Card,2025,2,10,Monday,01:04 PM
6306,Wyatt Jackson,Brownie,Dessert,1,12,Cash,2025,7,1,Tuesday,06:54 AM
6257,Nichole Lopez,Salad,Starter,5,14.18,Credit Card,2025,3,25,Tuesday,08:30 AM
4860,Eric Garcia,Ice Cream,Dessert,3,8.02,Debit Card,2025,2,1,Saturday,04:21 AM
2013,Morgan Simmons,Burger,Main,4,9.02,Debit Card,2025,4,13,Sunday,09:22 PM
3257,Jerry Singh,Brownie,Dessert,5,12.07,Online Payment,2025,6,10,Tuesday,04:12 AM
6815,Kurt Washington,Cake,Dessert,4,10.62,Online Payment,2025,1,18,Saturday,02:30 AM
6857,Mary Johnson,Salad,Starter,4,13.08,Debit Card,2025,5,20,Tuesday,12:34 PM
8996,Cassandra Alexander,Fries,Starter,4,7.58,Cash,2025,5,4,Sunday,07:28 AM
9485,Brittany Craig,Cake,Dessert,3,5.33,Online Payment,2025,5,13,Tuesday,08:32 PM
2535,Patrick Hanna,Pasta,Main,2,4.9,Online Payment,2025,2,12,Wednesday,05:00 AM
7940,Wendy Nichols,Cake,Dessert,4,3.79,Online Payment,2025,8,14,Thursday,05:17 AM
7805,Dakota Hughes,Ice Cream,Dessert,1,17.82,Debit Card,2025,4,13,Sunday,05:56 AM
7314,Justin Powell,Pizza,Main,2,9.13,Cash,2025,5,7,Wednesday,06:24 PM
2234,Jillian Jackson,Brownie,Dessert,3,21.28,Debit Card,2025,8,1,Friday,04:44 PM
8445,Shawn Cherry,Brownie,Dessert,3,6.18,Cash,2025,1,22,Wednesday,11:31 AM
8612,Dillon Church,Fries,Starter,4,6.95,Credit Card,2025,4,22,Tuesday,09:03 AM
7716,Shannon Morales PhD,Ice Cream,Dessert,3,19.07,Online Payment,2025,2,4,Tuesday,07:58 PM
2838,Christopher Bailey,Pizza,Main,4,17.14,Debit Card,2025,7,27,Sunday,02:30 PM
6498,Connie Roberts,Soup,Starter,2,9.87,Cash,2025,2,25,Tuesday,11:41 AM
2151,Aimee White,Salad,Starter,4,4.45,Cash,2025,7,12,Saturday,08:38 AM
7161,Daniel Fisher,Brownie,Dessert,4,22.68,Online Payment,2025,2,10,Monday,02:47 AM
8984,Kristin Bennett,Brownie,Dessert,4,17.02,Credit Card,2025,6,4,Wednesday,07:16 AM
3940,Catherine Jenkins,Pasta,Main,1,5.41,Credit Card,2025,5,29,Thursday,05:00 AM
4859,Michael Miller,Salad,Starter,3,9.52,Cash,2025,4,12,Saturday,02:32 PM
4144,Denise Murphy,Fries,Starter,2,3.8,Cash,2025,2,26,Wednesday,08:30 PM
7570,Larry Santiago,Burger,Main,4,21.01,Debit Card,2025,5,8,Thursday,12:15 PM
6353,James Barber,Brownie,Dessert,1,19.99,Debit Card,2025,5,5,Monday,08:34 PM
9325,Gregory Brown,Ice Cream,Dessert,4,19.48,Cash,2025,3,12,Wednesday,08:06 AM
7972,Barbara Ray,Cake,Dessert,1,17.86,Cash,2025,3,25,Tuesday,05:17 AM
5758,Jordan Guzman,Salad,Starter,1,15.57,Cash,2025,7,27,Sunday,06:08 AM
1616,Bruce Chambers,Cake,Dessert,2,16.45,Credit Card,2025,5,3,Saturday,02:33 PM
5924,Dustin Holt,Salad,Starter,3,3.84,Online Payment,2025,5,22,Thursday,04:02 AM
5982,Regina Gill,Ice Cream,Dessert,3,17.1,Cash,2025,5,7,Wednesday,08:42 AM
8278,Patricia Nunez,Brownie,Dessert,3,18.95,Credit Card,2025,2,2,Sunday,02:30 AM
6080,Elizabeth Farley,Cake,Dessert,5,20.81,Debit Card,2025,2,17,Monday,09:39 AM
4056,Antonio Pena,Pizza,Main,4,15.11,Online Payment,2025,6,20,Friday,10:05 PM
8091,Lisa Mora,Fries,Starter,5,9.49,Cash,2025,5,23,Friday,04:28 AM
7043,Janet Salazar,Fries,Starter,2,5.93,Credit Card,2025,6,21,Saturday,07:24 PM
1816,Brandy Terrell,Brownie,Dessert,3,21.93,Cash,2025,4,9,Wednesday,07:56 PM
4827,Jason Newman,Soup,Starter,2,13.38,Debit Card,2025,4,23,Wednesday,07:18 PM
7636,Mrs. Sheila Dean,Pasta,Main,4,18.54,Credit Card,2025,6,11,Wednesday,03:33 AM
6721,Ricardo Neal,Salad,Starter,5,5.87,Cash,2025,6,5,Thursday,12:22 PM
1278,Kevin Gonzalez,Salad,Starter,3,8.7,Cash,2025,4,5,Saturday,12:33 PM
5594,Raymond Cooper,Ice Cream,Dessert,5,16.81,Online Payment,2025,2,6,Thursday,12:27 AM
5954,Christopher Kramer,Pasta,Main,3,6.4,Debit Card,2025,3,23,Sunday,04:44 PM
3308,Antonio Nielsen,Pizza,Main,4,8.66,Cash,2025,3,10,Monday,07:08 AM
9276,Alison Smith,Salad,Starter,4,21.35,Debit Card,2025,4,20,Sunday,11:28 AM
4011,Jamie Winters,Pizza,Main,1,6.17,Credit Card,2025,5,28,Wednesday,03:15 PM
8874,Nicole Parrish,Pizza,Main,1,23.88,Cash,2025,7,5,Saturday,03:18 AM
8824,Diane Perez,Burger,Main,4,4.68,Cash,2025,5,8,Thursday,01:37 PM
6823,Melinda Myers,Cake,Dessert,4,10.8,Credit Card,2025,2,20,Thursday,06:15 PM
7479,Richard Brown,Burger,Main,5,10.93,Debit Card,2025,5,15,Thursday,07:57 PM
6622,Erica Medina,Cake,Dessert,4,3.47,Debit Card,2025,6,20,Friday,11:52 PM
5624,Brenda Contreras,Pasta,Main,5,20.07,Credit Card,2025,4,4,Friday,04:28 PM
3244,Joe Barton,Burger,Main,5,2.35,Credit Card,2025,2,28,Friday,02:37 PM
6592,William Crane,Fries,Starter,1,8.88,Online Payment,2025,5,20,Tuesday,11:46 AM
3652,Aaron Clark,Salad,Starter,5,21.85,Credit Card,2025,3,10,Monday,07:36 AM
8051,Brandi Houston,Burger,Main,3,22.52,Credit Card,2025,8,12,Tuesday,11:08 AM
9739,Monica Richards,Cake,Dessert,5,19.65,Credit Card,2025,3,14,Friday,05:55 AM
9126,Dale Salinas,Brownie,Dessert,5,23.28,Credit Card,2025,1,5,Sunday,06:31 AM
1770,Randall Decker,Brownie,Dessert,1,20.5,Online Payment,2025,3,29,Saturday,05:22 AM
9240,Zachary Fisher,Brownie,Dessert,5,7.57,Debit Card,2025,8,1,Friday,08:53 AM
8168,Curtis Townsend,Salad,Starter,2,5.95,Credit Card,2025,2,2,Sunday,01:44 AM
6967,James Martinez,Pizza,Main,2,2.17,Debit Card,2025,5,19,Monday,03:47 PM
9764,Mark Thomas,Pizza,Main,5,18.14,Debit Card,2025,7,8,Tuesday,04:59 AM
3017,Bobby Horton,Ice Cream,Dessert,1,14.93,Debit Card,2025,4,4,Friday,11:08 AM
8430,Matthew Hays,Ice Cream,Dessert,1,4.1,Cash,2025,8,1,Friday,08:43 PM
6443,Amy Mclean,Pasta,Main,1,7.93,Cash,2025,6,27,Friday,01:59 AM
5320,Kristy James,Fries,Starter,3,5.49,Online Payment,2025,6,27,Friday,03:50 AM
9963,Jonathan Turner,Pasta,Main,4,3.07,Debit Card,2025,2,5,Wednesday,09:59 PM
8629,Mrs. Melissa Schmidt,Burger,Main,1,9.28,Debit Card,2025,1,7,Tuesday,07:38 AM
6802,Lisa Andrade,Salad,Starter,2,8.41,Credit Card,2025,7,21,Monday,12:43 AM
3953,Phillip Lucas,Salad,Starter,4,13.31,Debit Card,2025,7,19,Saturday,01:52 AM
3982,Nancy Shields,Soup,Starter,4,21.02,Debit Card,2025,4,20,Sunday,11:23 AM
7240,Patricia Smith,Ice Cream,Dessert,4,19.19,Online Payment,2025,4,27,Sunday,08:03 PM
6404,William Williams,Brownie,Dessert,5,16.54,Cash,2025,3,6,Thursday,07:30 PM
2430,Stephanie Ortega,Cake,Dessert,1,10.69,Debit Card,2025,5,4,Sunday,11:36 AM
4728,Amanda Cervantes,Brownie,Dessert,1,22.89,Cash,2025,6,26,Thursday,09:34 PM
2261,Sara Garcia,Soup,Starter,2,12.87,Cash,2025,1,16,Thursday,05:53 AM
8382,Andrea Reynolds,Pizza,Main,3,6.65,Credit Card,2025,7,29,Tuesday,07:04 AM
2110,Tracey Perez,Soup,Starter,1,20,Cash,2025,5,21,Wednesday,09:54 PM
5394,Lisa Jones,Brownie,Dessert,3,2.16,Online Payment,2025,5,27,Tuesday,07:19 PM
5411,Justin Howard,Pizza,Main,1,2.46,Online Payment,2025,5,22,Thursday,05:00 PM
9087,Benjamin Stark,Brownie,Dessert,1,5.68,Debit Card,2025,5,28,Wednesday,05:50 AM
4846,Joshua Walls,Fries,Starter,2,10.54,Credit Card,2025,4,4,Friday,06:25 AM
3025,Jerome Bright,Brownie,Dessert,4,14.35,Credit Card,2025,7,16,Wednesday,11:04 PM
7969,Victoria Sims,Burger,Main,4,13.99,Credit Card,2025,2,14,Friday,04:48 AM
5906,Diana Davis,Fries,Starter,3,4.63,Credit Card,2025,6,2,Monday,10:35 AM
6116,Andrew Suarez,Burger,Main,5,4.95,Online Payment,2025,2,11,Tuesday,02:48 AM
3655,Melanie Keller,Fries,Starter,1,6.07,Debit Card,2025,1,11,Saturday,12:27 PM
6789,Nicole Barrett,Brownie,Dessert,5,22.18,Cash,2025,6,14,Saturday,02:56 PM
7824,Kimberly Gilbert,Brownie,Dessert,5,9.88,Cash,2025,5,22,Thursday,09:34 PM
7257,Diane Olson,Pizza,Main,3,11.61,Debit Card,2025,4,1,Tuesday,03:08 PM
9301,Jessica Jacobs,Pasta,Main,1,17.89,Credit Card,2025,4,7,Monday,07:43 AM
3172,Deanna Glover,Cake,Dessert,1,4.57,Online Payment,2025,2,2,Sunday,04:51 AM
4811,Steven Larson,Salad,Starter,5,8.06,Cash,2025,1,3,Friday,06:06 AM
5358,Mark Winters,Soup,Starter,4,5.53,Online Payment,2025,7,23,Wednesday,12:35 PM
3721,Nathan Harris,Ice Cream,Dessert,1,21.76,Online Payment,2025,1,26,Sunday,04:04 AM
4472,David Barrett,Brownie,Dessert,1,24.96,Cash,2025,2,25,Tuesday,03:40 PM
9779,Bobby Miles,Pizza,Main,5,9.43,Online Payment,2025,1,22,Wednesday,08:47 AM
9053,Thomas Hernandez,Pizza,Main,4,16.4,Cash,2025,5,28,Wednesday,03:14 AM
4855,Todd Brown,Cake,Dessert,2,4.09,Credit Card,2025,1,5,Sunday,08:38 PM
5550,Laura Wheeler,Pizza,Main,3,24.52,Debit Card,2025,7,28,Monday,09:27 PM
5788,Melissa Wolfe,Brownie,Dessert,3,3.84,Cash,2025,7,3,Thursday,09:32 AM
2233,Victoria Ramirez,Cake,Dessert,3,17.26,Cash,2025,2,15,Saturday,03:17 PM
9267,Hailey Massey,Brownie,Dessert,5,20.81,Cash,2025,1,12,Sunday,06:36 AM
4233,Catherine Lucero,Pizza,Main,3,7.71,Debit Card,2025,2,11,Tuesday,08:50 PM
4540,Daniel Lee,Burger,Main,4,21.64,Debit Card,2025,3,21,Friday,05:26 PM
9839,Carl Olson,Salad,Starter,4,6.1,Debit Card,2025,3,3,Monday,02:35 AM
5544,Derek Carlson,Fries,Starter,2,10.24,Credit Card,2025,4,18,Friday,11:28 AM
9823,Kenneth Coleman,Salad,Starter,2,5.34,Cash,2025,7,23,Wednesday,08:49 PM
9154,Jessica Williams,Salad,Starter,3,22.49,Credit Card,2025,6,18,Wednesday,08:47 PM
9089,Don Davis,Pizza,Main,5,16.93,Online Payment,2025,4,6,Sunday,02:37 PM
3162,Kelly Huang,Salad,Starter,5,21.15,Credit Card,2025,2,15,Saturday,05:55 PM
7117,Robert Mahoney,Cake,Dessert,1,3.02,Credit Card,2025,3,29,Saturday,02:52 AM
6981,Melissa Diaz,Soup,Starter,3,8.73,Debit Card,2025,7,22,Tuesday,05:23 PM
3769,Jason Morgan,Brownie,Dessert,1,20.54,Debit Card,2025,4,26,Saturday,04:42 PM
2229,Tiffany Gardner,Burger,Main,1,17.97,Cash,2025,6,15,Sunday,03:06 PM
5577,Christina Castro,Pasta,Main,2,23.6,Cash,2025,2,8,Saturday,12:12 PM
3343,Sherry Rogers,Pizza,Main,2,3.76,Cash,2025,7,5,Saturday,11:29 PM
9564,Jon Boyd,Pizza,Main,5,10.14,Cash,2025,5,30,Friday,10:52 PM
8109,Jeffery Mason,Salad,Starter,2,15.56,Debit Card,2025,7,2,Wednesday,06:30 PM
8625,Mary Curtis,Cake,Dessert,5,22.96,Debit Card,2025,7,7,Monday,04:42 AM
2682,Elizabeth Smith,Pizza,Main,2,2.64,Online Payment,2025,2,5,Wednesday,05:47 PM
4212,Juan Lucero,Fries,Starter,5,15.29,Debit Card,2025,1,2,Thursday,03:49 PM
7901,Karen Hester,Soup,Starter,4,3.07,Debit Card,2025,1,10,Friday,09:51 PM
7092,Michael Smith,Salad,Starter,3,3.13,Credit Card,2025,4,15,Tuesday,10:57 AM
5481,David Hamilton,Pasta,Main,3,18.74,Online Payment,2025,2,5,Wednesday,11:19 PM
9566,Matthew Cooper,Pasta,Main,1,23.91,Debit Card,2025,3,11,Tuesday,05:14 PM
2910,Dr. Brian Byrd,Soup,Starter,2,17.97,Online Payment,2025,2,2,Sunday,11:53 AM
7489,Lisa Franklin,Salad,Starter,4,22.14,Credit Card,2025,4,29,Tuesday,12:51 PM
2842,Laura Archer,Pizza,Main,4,18.08,Credit Card,2025,6,27,Friday,05:59 PM
3744,James Black,Pizza,Main,3,7.77,Debit Card,2025,3,28,Friday,12:20 AM
6753,Jennifer Reed,Fries,Starter,2,15.2,Debit Card,2025,6,3,Tuesday,05:28 AM
1868,Joseph Butler,Pizza,Main,4,11.07,Credit Card,2025,2,12,Wednesday,06:26 AM
9088,Charles Evans,Soup,Starter,3,3.33,Online Payment,2025,5,15,Thursday,11:37 AM
3605,Bradley Young,Brownie,Dessert,1,4.58,Online Payment,2025,4,16,Wednesday,02:09 PM
9562,Brian Wood,Cake,Dessert,1,4.19,Online Payment,2025,5,7,Wednesday,03:09 AM
6218,Preston Flynn,Fries,Starter,4,17.26,Credit Card,2025,5,19,Monday,01:00 PM
7705,Richard Garcia,Burger,Main,5,12.3,Online Payment,2025,2,11,Tuesday,03:19 AM
6266,Mark Davis,Brownie,Dessert,2,18.78,Credit Card,2025,7,28,Monday,02:34 AM
5326,Sandra Good,Burger,Main,3,2.42,Credit Card,2025,6,19,Thursday,11:16 AM
4033,George Mack,Brownie,Dessert,5,9.64,Online Payment,2025,6,28,Saturday,07:30 AM
5951,David Patel,Burger,Main,2,9.76,Credit Card,2025,8,12,Tuesday,05:00 PM
8851,Billy Tapia,Cake,Dessert,3,8.03,Cash,2025,7,10,Thursday,09:53 PM
9659,Christopher Chapman,Soup,Starter,1,19.13,Online Payment,2025,3,20,Thursday,02:46 PM
5460,Amy Brown,Pizza,Main,5,9.58,Credit Card,2025,5,3,Saturday,06:38 PM
2891,James Bradley,Fries,Starter,1,19.41,Debit Card,2025,7,18,Friday,12:50 PM
5359,Teresa Rollins,Ice Cream,Dessert,5,19.48,Cash,2025,1,5,Sunday,08:03 AM
1510,Fernando Burke,Fries,Starter,5,7.5,Debit Card,2025,4,10,Thursday,07:42 AM
4902,Elizabeth Blake MD,Pizza,Main,5,5.38,Debit Card,2025,4,30,Wednesday,09:21 AM
7960,Diana House,Cake,Dessert,3,5.09,Cash,2025,1,4,Saturday,06:48 AM
3327,Julie Johnson,Fries,Starter,1,19.11,Credit Card,2025,6,21,Saturday,04:45 AM
1329,Monique Gonzalez,Burger,Main,1,20.63,Cash,2025,1,1,Wednesday,01:36 AM
4062,Daniel Gomez,Ice Cream,Dessert,4,21.39,Online Payment,2025,5,31,Saturday,11:14 PM
2598,Kevin Meyer,Cake,Dessert,3,2.26,Cash,2025,5,19,Monday,09:12 AM
2342,Shawn Gonzalez,Pasta,Main,4,18.54,Debit Card,2025,3,7,Friday,01:59 PM
2785,Tiffany Scott,Pasta,Main,4,23.84,Online Payment,2025,5,19,Monday,12:24 PM
1312,Douglas Bryant,Burger,Main,3,16.3,Online Payment,2025,3,1,Saturday,11:54 PM
1792,Michael Valentine,Ice Cream,Dessert,4,7.15,Debit Card,2025,5,13,Tuesday,07:01 AM
5948,Elizabeth Stanley,Cake,Dessert,1,11.95,Debit Card,2025,7,14,Monday,08:20 AM
6759,Nicole Collins,Pizza,Main,3,20.29,Cash,2025,3,6,Thursday,05:30 PM
1947,Jeffrey Roberts,Pizza,Main,1,12.15,Online Payment,2025,4,29,Tuesday,10:32 AM
3800,Christopher Rodriguez,Ice Cream,Dessert,1,13.78,Debit Card,2025,3,2,Sunday,06:17 PM
7768,Alexander Nielsen,Burger,Main,2,9.17,Online Payment,2025,5,18,Sunday,12:15 PM
6706,Luis Welch,Brownie,Dessert,5,9.32,Debit Card,2025,4,6,Sunday,06:44 PM
2754,Steven Gardner,Cake,Dessert,3,6.01,Cash,2025,7,28,Monday,08:12 PM
8676,Melissa Garcia,Burger,Main,3,11.5,Debit Card,2025,2,12,Wednesday,02:06 PM
2354,Margaret Burch,Fries,Starter,2,22.82,Cash,2025,7,30,Wednesday,04:06 PM
2660,Patricia Johnson,Burger,Main,3,14.93,Credit Card,2025,4,3,Thursday,07:30 PM
3502,Dr. Rebekah Davenport,Ice Cream,Dessert,3,23.47,Credit Card,2025,7,8,Tuesday,08:16 AM
9429,Francisco Ramos,Pizza,Main,4,14.73,Online Payment,2025,1,16,Thursday,11:15 PM
8675,Anthony Griffin,Pasta,Main,3,6.38,Credit Card,2025,6,23,Monday,12:18 AM
8544,Melissa Ballard,Ice Cream,Dessert,2,6.19,Online Payment,2025,4,22,Tuesday,02:02 PM
7586,Mr. Douglas James MD,Pasta,Main,4,7.76,Online Payment,2025,1,18,Saturday,12:47 PM
4837,Mark Campbell,Salad,Starter,4,17.71,Debit Card,2025,5,4,Sunday,01:34 PM
9922,Brian Brown,Pasta,Main,5,16.28,Credit Card,2025,8,10,Sunday,10:15 AM
1239,Erica Sutton,Fries,Starter,3,17.61,Cash,2025,3,23,Sunday,12:51 AM
5344,Alyssa Phillips,Salad,Starter,1,12.71,Online Payment,2025,5,20,Tuesday,11:28 PM
2780,Crystal Landry,Fries,Starter,3,8.6,Credit Card,2025,7,14,Monday,01:51 PM
4352,Janet Clark,Soup,Starter,5,2.51,Credit Card,2025,4,9,Wednesday,04:26 AM
5707,Jeffrey Ortiz,Brownie,Dessert,5,12.33,Debit Card,2025,3,1,Saturday,06:55 PM
6776,Yvonne Davis,Soup,Starter,5,22.33,Online Payment,2025,2,13,Thursday,05:44 PM
9412,Elizabeth Clark,Cake,Dessert,2,18.29,Credit Card,2025,1,12,Sunday,09:01 AM
4681,James Brown,Fries,Starter,3,8.73,Credit Card,2025,2,9,Sunday,11:48 PM
4115,William Blevins,Fries,Starter,1,8.92,Cash,2025,3,26,Wednesday,07:57 AM
8137,James Chase,Burger,Main,5,22.71,Online Payment,2025,6,16,Monday,07:59 AM
7965,Timothy Thomas,Cake,Dessert,5,6.64,Online Payment,2025,4,22,Tuesday,12:59 AM
4803,Denise Ortega,Ice Cream,Dessert,5,7.76,Online Payment,2025,4,17,Thursday,12:31 PM
9593,Jamie Phillips,Fries,Starter,5,12.02,Debit Card,2025,1,9,Thursday,01:54 PM
6247,Ryan Zavala,Pizza,Main,5,8.54,Debit Card,2025,1,11,Saturday,05:34 AM
6030,Corey Roberts,Salad,Starter,1,20.33,Cash,2025,3,26,Wednesday,09:27 AM
3546,Julie Hale,Ice Cream,Dessert,5,3.44,Credit Card,2025,8,13,Wednesday,11:44 PM
1425,Jeanette Hayes,Ice Cream,Dessert,3,24.52,Debit Card,2025,7,10,Thursday,07:21 PM
1909,Jonathan Smith,Soup,Starter,4,16.89,Credit Card,2025,2,21,Friday,11:08 PM
4165,Ashley Swanson,Burger,Main,5,19.01,Cash,2025,1,26,Sunday,01:02 AM
7976,Ronald Floyd,Pizza,Main,4,4.07,Online Payment,2025,7,22,Tuesday,05:45 PM
5095,Mrs. Amber Hansen,Cake,Dessert,3,18.92,Credit Card,2025,3,28,Friday,05:29 PM
7910,Christopher Ruiz,Salad,Starter,1,15.78,Online Payment,2025,1,18,Saturday,06:55 PM
4183,Teresa Garcia,Pizza,Main,2,7.16,Credit Card,2025,5,26,Monday,11:29 PM
7301,Kimberly Tyler,Fries,Starter,4,2.81,Credit Card,2025,1,24,Friday,10:51 AM
3565,Malik Rodriguez,Brownie,Dessert,3,12.74,Cash,2025,2,3,Monday,12:32 AM
2365,John Garcia,Cake,Dessert,4,16.17,Credit Card,2025,3,2,Sunday,06:13 AM
4559,Daniel Jennings,Fries,Starter,3,20.32,Cash,2025,7,13,Sunday,12:15 PM
5831,Crystal Collier,Salad,Starter,1,6.23,Credit Card,2025,5,24,Saturday,08:50 AM
3293,Paul Cook,Burger,Main,5,6.91,Credit Card,2025,3,21,Friday,02:02 AM
2458,Robert James,Burger,Main,2,18.83,Online Payment,2025,1,28,Tuesday,09:40 PM
6672,Martin Estrada,Brownie,Dessert,1,8.92,Debit Card,2025,2,5,Wednesday,01:29 AM
5547,Carmen Gonzalez,Salad,Starter,1,20.57,Debit Card,2025,2,26,Wednesday,07:03 PM
4050,Deborah Morris,Fries,Starter,5,5.92,Online Payment,2025,1,31,Friday,10:05 AM
8255,Kimberly Barnett,Pasta,Main,5,20.85,Credit Card,2025,5,9,Friday,05:01 AM
1878,Diana Fry,Pizza,Main,2,24.7,Debit Card,2025,4,30,Wednesday,09:17 PM
3188,Jonathan Jones,Soup,Starter,4,11.67,Debit Card,2025,4,24,Thursday,02:37 PM
4274,Shane Gallegos MD,Burger,Main,4,8.19,Online Payment,2025,6,16,Monday,04:03 AM
4484,Amanda Jones,Pizza,Main,5,11.26,Cash,2025,5,30,Friday,11:32 AM
9578,Christopher Rodriguez,Salad,Starter,2,2.08,Debit Card,2025,8,13,Wednesday,11:41 AM
8184,Amanda Keller,Brownie,Dessert,2,8.43,Debit Card,2025,1,7,Tuesday,05:36 AM
5559,Autumn Robinson,Cake,Dessert,1,20.93,Debit Card,2025,4,13,Sunday,02:12 AM
9674,Ashley Hull,Pizza,Main,4,23.01,Credit Card,2025,7,24,Thursday,05:14 AM
6807,Jose Kane,Fries,Starter,4,3.6,Credit Card,2025,3,2,Sunday,04:09 PM
6918,Luis Mccullough,Ice Cream,Dessert,3,11.34,Cash,2025,6,18,Wednesday,10:36 AM
6578,Derek Delgado,Fries,Starter,4,16.74,Cash,2025,1,29,Wednesday,06:05 PM
8280,Shannon Mueller,Pizza,Main,2,22.99,Cash,2025,3,22,Saturday,04:57 AM
6212,Stephen Campbell,Burger,Main,1,18.24,Cash,2025,3,5,Wednesday,12:09 AM
4844,Anthony Wilson,Fries,Starter,3,15.93,Credit Card,2025,5,30,Friday,05:29 AM
9816,Katelyn Brown,Burger,Main,5,5.63,Cash,2025,6,13,Friday,03:41 AM
3339,Alexander Wallace,Pasta,Main,3,20.01,Online Payment,2025,7,18,Friday,06:47 PM
9586,Sarah Ponce,Pizza,Main,4,22.44,Online Payment,2025,2,21,Friday,09:55 AM
1055,David Gutierrez,Ice Cream,Dessert,5,3.97,Online Payment,2025,1,8,Wednesday,10:56 PM
3304,Ashley Davis,Pasta,Main,5,24.02,Online Payment,2025,6,7,Saturday,04:06 PM
4961,Ricky Jacobs,Pizza,Main,5,17,Debit Card,2025,7,27,Sunday,07:57 PM
3402,Mrs. Kristi Myers,Pasta,Main,2,21.07,Cash,2025,2,4,Tuesday,08:47 AM
2513,Anthony Wells,Pizza,Main,1,3.89,Online Payment,2025,5,26,Monday,06:30 PM
5747,Richard Rodriguez,Ice Cream,Dessert,2,8.57,Credit Card,2025,4,10,Thursday,12:57 PM
9319,John Mckinney,Ice Cream,Dessert,4,14.17,Online Payment,2025,1,28,Tuesday,08:27 AM
6092,Timothy Miller,Fries,Starter,5,21.43,Cash,2025,7,11,Friday,04:42 AM
6389,Gerald Watson,Soup,Starter,5,14.74,Cash,2025,7,16,Wednesday,09:55 AM
7554,Maurice Lyons,Pasta,Main,4,2.69,Credit Card,2025,1,12,Sunday,07:18 AM
6939,Tracy Bryant,Fries,Starter,1,6.67,Credit Card,2025,1,28,Tuesday,09:19 AM
1681,Tabitha Bernard,Pasta,Main,2,14.85,Debit Card,2025,8,11,Monday,06:18 PM
5080,Jean Morris,Ice Cream,Dessert,2,3.79,Debit Card,2025,1,28,Tuesday,01:23 PM
2945,Adam Klein,Pizza,Main,5,13.3,Cash,2025,2,1,Saturday,03:46 AM
3193,Matthew Lara,Burger,Main,4,14.15,Online Payment,2025,1,13,Monday,07:45 AM
1270,Christopher Noble,Brownie,Dessert,2,4.1,Cash,2025,6,17,Tuesday,08:57 PM
8290,Jeanette Ramirez,Soup,Starter,2,16.98,Credit Card,2025,3,20,Thursday,02:17 PM
6279,Scott Petty,Brownie,Dessert,1,23.87,Credit Card,2025,3,8,Saturday,05:02 PM
6329,James Thomas,Burger,Main,3,3.26,Online Payment,2025,1,18,Saturday,09:53 PM
5845,Alicia Clark,Soup,Starter,5,10.83,Credit Card,2025,4,12,Saturday,12:03 AM
6490,Deborah Green,Pizza,Main,5,4.09,Online Payment,2025,2,21,Friday,02:59 AM
2227,Melissa Curry,Brownie,Dessert,1,11.66,Online Payment,2025,3,1,Saturday,10:30 PM
5913,Danielle Carey,Soup,Starter,2,6.12,Credit Card,2025,7,14,Monday,12:38 PM
6263,Jaime Cook,Salad,Starter,5,6.99,Cash,2025,3,14,Friday,06:35 AM
4937,Caleb Little,Cake,Dessert,5,16.07,Credit Card,2025,2,15,Saturday,12:38 AM
7016,Melinda Levine,Fries,Starter,5,9,Credit Card,2025,1,29,Wednesday,10:09 AM
7426,Andrew Reilly,Soup,Starter,3,19.13,Debit Card,2025,3,22,Saturday,02:22 PM
4296,Jeffrey Hernandez,Salad,Starter,1,13.44,Online Payment,2025,1,8,Wednesday,12:57 PM
9305,Jonathan Lynch,Cake,Dessert,1,5.14,Credit Card,2025,7,27,Sunday,03:31 AM
4389,Ashley Dominguez,Fries,Starter,3,24.74,Debit Card,2025,3,10,Monday,03:57 PM
9369,Michelle Harris,Burger,Main,5,20.75,Credit Card,2025,6,15,Sunday,11:04 PM
5293,John Fisher,Pizza,Main,3,19.29,Credit Card,2025,2,18,Tuesday,08:39 AM
6341,Patrick Gibson,Pasta,Main,4,16.48,Cash,2025,1,20,Monday,08:30 PM
7046,Jeremy Johnson,Pasta,Main,2,13.69,Cash,2025,4,13,Sunday,06:17 PM
8482,Alexis Williams,Cake,Dessert,1,17.95,Credit Card,2025,3,14,Friday,04:14 AM
1815,Veronica Pitts,Brownie,Dessert,1,16.84,Online Payment,2025,5,22,Thursday,02:10 PM
3912,Wesley Walters,Pasta,Main,3,4.5,Debit Card,2025,3,5,Wednesday,10:53 AM
2740,Mark Santiago,Soup,Starter,4,20.47,Online Payment,2025,7,20,Sunday,02:22 AM
5509,Jason Rocha,Pizza,Main,3,17.18,Credit Card,2025,4,27,Sunday,11:43 AM
7469,Jasmine Sharp,Fries,Starter,3,16.38,Cash,2025,1,20,Monday,09:57 PM
8216,Allison Lynch,Burger,Main,4,4.46,Cash,2025,7,3,Thursday,04:25 AM
7631,Stacy Wagner,Fries,Starter,1,18.78,Online Payment,2025,8,11,Monday,03:20 PM
1383,Elaine Wong,Cake,Dessert,2,23.5,Online Payment,2025,6,12,Thursday,10:00 PM
6590,Jason Hill,Soup,Starter,5,17.04,Debit Card,2025,3,29,Saturday,04:25 PM
5766,Robert Glover,Brownie,Dessert,5,6.02,Debit Card,2025,1,25,Saturday,08:37 PM
6863,Marisa Chang,Fries,Starter,1,16.38,Debit Card,2025,3,27,Thursday,12:16 PM
2443,Charles Johnson,Pizza,Main,1,5.37,Credit Card,2025,2,15,Saturday,10:47 PM
7019,Guy Gay,Burger,Main,4,21.44,Debit Card,2025,7,25,Friday,10:43 PM
8968,Karen Cain,Pizza,Main,1,16.31,Online Payment,2025,3,23,Sunday,03:16 PM
2795,Ashley Poole,Ice Cream,Dessert,1,4.6,Cash,2025,4,30,Wednesday,03:41 AM
7004,Wanda Gould,Pasta,Main,3,12.29,Online Payment,2025,5,11,Sunday,10:45 AM
8828,Bailey Pearson,Salad,Starter,1,13.11,Cash,2025,4,14,Monday,06:03 AM
5892,David Rodriguez,Cake,Dessert,5,22.63,Credit Card,2025,4,10,Thursday,02:07 PM
8740,Ashley Wilson,Cake,Dessert,5,12.26,Credit Card,2025,2,9,Sunday,09:00 PM
5294,Christopher Romero,Burger,Main,3,11.86,Cash,2025,5,9,Friday,02:13 PM
2391,Denise Thompson,Salad,Starter,1,9.02,Debit Card,2025,1,4,Saturday,01:09 AM
3639,Billy Wade,Ice Cream,Dessert,1,9.7,Cash,2025,3,5,Wednesday,06:04 AM
6792,Jason Martin,Soup,Starter,4,8.76,Online Payment,2025,3,18,Tuesday,01:25 PM
2330,Patricia Jenkins,Ice Cream,Dessert,1,10.11,Online Payment,2025,5,16,Friday,07:43 PM
3834,Veronica Bray,Fries,Starter,3,7.91,Cash,2025,2,8,Saturday,04:06 AM
4060,Emily Jackson,Ice Cream,Dessert,4,13.71,Online Payment,2025,4,24,Thursday,05:16 AM
6280,Julie Tucker,Ice Cream,Dessert,1,16.94,Cash,2025,7,15,Tuesday,11:05 PM
8460,Christopher Dunlap,Soup,Starter,5,24.88,Online Payment,2025,3,3,Monday,08:36 AM
8196,Michele Ball,Brownie,Dessert,1,13.91,Online Payment,2025,4,9,Wednesday,05:49 PM
8927,Courtney Patterson,Soup,Starter,1,18.17,Cash,2025,6,29,Sunday,04:52 PM
4908,Christina Garcia,Ice Cream,Dessert,4,2.51,Online Payment,2025,1,28,Tuesday,02:45 PM
9888,Timothy Harris,Pasta,Main,1,13.86,Debit Card,2025,6,3,Tuesday,06:34 PM
4250,Amber Gomez,Brownie,Dessert,2,2.62,Credit Card,2025,3,5,Wednesday,10:31 AM
9625,Matthew Rogers,Pizza,Main,1,16.55,Debit Card,2025,6,3,Tuesday,02:37 AM
1812,Dr. James Garza,Burger,Main,4,22.68,Cash,2025,7,27,Sunday,09:00 PM
9969,Monica Hill,Fries,Starter,3,9.42,Debit Card,2025,6,7,Saturday,09:10 AM
6634,Sara Graham,Pasta,Main,5,24.87,Credit Card,2025,6,2,Monday,10:53 AM
2710,Amy Browning,Pasta,Main,3,15.26,Credit Card,2025,6,5,Thursday,08:32 PM
9737,Daniel Fowler,Salad,Starter,1,9.07,Credit Card,2025,4,23,Wednesday,06:37 AM
9001,Geoffrey Jenkins,Pasta,Main,5,11.9,Online Payment,2025,6,4,Wednesday,09:40 PM
2723,Tamara Wu,Soup,Starter,5,12.25,Online Payment,2025,2,11,Tuesday,02:01 AM
8964,Frank Pena,Pasta,Main,4,3.5,Online Payment,2025,7,31,Thursday,12:30 PM
2894,Julie Watson DVM,Ice Cream,Dessert,2,18.21,Online Payment,2025,3,12,Wednesday,01:32 PM
2849,Jasmine Harvey,Brownie,Dessert,1,7.33,Cash,2025,1,21,Tuesday,11:10 AM
4870,Casey Jones,Cake,Dessert,2,8.52,Online Payment,2025,1,25,Saturday,07:34 AM
4224,Carlos Downs,Pasta,Main,4,24.36,Debit Card,2025,1,22,Wednesday,01:14 AM
3217,Michael Smith,Brownie,Dessert,4,9.4,Debit Card,2025,6,11,Wednesday,02:28 PM
5467,Curtis Brown,Fries,Starter,2,6.3,Debit Card,2025,2,19,Wednesday,01:31 PM
1574,Amanda Waters,Salad,Starter,2,18.47,Credit Card,2025,7,8,Tuesday,04:06 PM
2799,William Collins,Ice Cream,Dessert,1,13.62,Cash,2025,6,25,Wednesday,01:54 PM
7981,Wesley Jimenez,Fries,Starter,5,9.07,Credit Card,2025,4,24,Thursday,12:36 AM
2085,Karen Sullivan,Salad,Starter,5,6.46,Debit Card,2025,6,6,Friday,10:35 PM
1708,Daniel Flores,Burger,Main,1,8.13,Online Payment,2025,4,29,Tuesday,09:53 AM
2279,Kristy Nash,Pizza,Main,3,14.58,Credit Card,2025,2,27,Thursday,05:15 PM
9513,Lisa Walters,Brownie,Dessert,2,9.81,Debit Card,2025,3,23,Sunday,06:38 PM
1936,Kenneth Miranda,Burger,Main,1,7.43,Credit Card,2025,8,10,Sunday,12:07 AM
9175,Mark Smith,Cake,Dessert,4,16.02,Credit Card,2025,7,28,Monday,06:31 AM
1263,Mike Blackwell,Pizza,Main,1,19.62,Online Payment,2025,4,29,Tuesday,07:17 PM
7725,Larry Perry MD,Pizza,Main,2,5.31,Credit Card,2025,1,23,Thursday,02:59 PM
5133,Diane Myers,Burger,Main,4,3.18,Cash,2025,1,16,Thursday,05:47 AM
3356,Deborah Salazar,Fries,Starter,4,12.8,Debit Card,2025,6,5,Thursday,07:11 PM
9879,Joseph Barnes,Ice Cream,Dessert,3,4.05,Cash,2025,6,15,Sunday,05:15 AM
7792,Brandon King,Salad,Starter,1,6.8,Debit Card,2025,7,14,Monday,02:41 PM
6272,Vicki Taylor,Ice Cream,Dessert,2,3.8,Online Payment,2025,8,3,Sunday,08:50 PM
7194,Christina Adams,Pasta,Main,5,18.18,Cash,2025,2,27,Thursday,01:51 PM
4195,Brian Smith,Brownie,Dessert,1,21.71,Debit Card,2025,3,3,Monday,10:26 PM
7535,Corey Rodriguez,Salad,Starter,2,22.45,Cash,2025,4,8,Tuesday,09:28 AM
2318,Christopher Scott,Soup,Starter,5,13.95,Debit Card,2025,3,12,Wednesday,07:38 AM
7659,Susan Carter,Pasta,Main,1,16.06,Cash,2025,8,6,Wednesday,05:35 PM
8279,Richard Roberts,Burger,Main,2,12.61,Credit Card,2025,8,4,Monday,12:41 AM
4525,Kimberly Carter,Salad,Starter,5,23.15,Credit Card,2025,3,17,Monday,09:05 AM
5166,Thomas Burch,Ice Cream,Dessert,1,11.52,Credit Card,2025,1,12,Sunday,08:32 AM
5188,Sarah Baker,Fries,Starter,5,17.43,Online Payment,2025,6,24,Tuesday,04:22 PM
9748,Wesley Le,Cake,Dessert,3,24.03,Credit Card,2025,7,4,Friday,05:02 PM
5520,Michael Robinson,Pasta,Main,2,7.19,Credit Card,2025,3,29,Saturday,01:20 PM
4959,Jennifer Pearson,Salad,Starter,3,11.61,Cash,2025,4,20,Sunday,10:52 PM
9101,Laura Valdez,Burger,Main,3,4.78,Online Payment,2025,7,28,Monday,12:33 AM
5098,Christina Johnson,Pasta,Main,5,10.46,Debit Card,2025,7,30,Wednesday,11:33 AM
1084,Eric Nguyen,Pizza,Main,4,22.41,Online Payment,2025,3,24,Monday,01:48 AM
7476,William Cross,Salad,Starter,4,22.46,Cash,2025,4,28,Monday,08:25 PM
1066,Melissa Duncan,Fries,Starter,2,22.97,Debit Card,2025,7,6,Sunday,08:10 AM
1388,David Robinson,Cake,Dessert,4,22.78,Cash,2025,6,13,Friday,03:22 PM
8526,Jane Guzman,Salad,Starter,1,15.84,Cash,2025,6,17,Tuesday,09:22 PM
5252,Lisa Gregory,Fries,Starter,2,24.51,Cash,2025,7,27,Sunday,11:06 AM
9798,Mark Randolph,Cake,Dessert,5,10.53,Cash,2025,4,17,Thursday,06:30 PM
2065,Jade Gilbert,Burger,Main,4,19.86,Online Payment,2025,1,2,Thursday,10:36 AM
5103,Brian Hernandez,Brownie,Dessert,3,13.97,Online Payment,2025,5,9,Friday,06:52 PM
6685,Gregory Stephens,Brownie,Dessert,1,17.35,Debit Card,2025,6,24,Tuesday,12:55 AM
3640,Marvin Bonilla,Pasta,Main,5,14.17,Online Payment,2025,7,24,Thursday,04:57 PM
8700,Linda Dean,Pizza,Main,1,6.27,Credit Card,2025,6,8,Sunday,12:54 PM
5416,Casey Gonzalez,Brownie,Dessert,4,12.91,Online Payment,2025,5,3,Saturday,05:15 AM
6070,Nicholas Carter,Cake,Dessert,3,14.89,Online Payment,2025,3,22,Saturday,07:05 AM
8560,Kenneth Ferguson,Pizza,Main,1,20.26,Credit Card,2025,8,7,Thursday,08:55 AM
3609,Michael Gordon,Salad,Starter,2,15.5,Cash,2025,3,8,Saturday,11:54 PM
7628,Jose Macias,Burger,Main,2,22.54,Credit Card,2025,5,14,Wednesday,08:41 AM
1496,David Ellis,Fries,Starter,5,20.81,Credit Card,2025,5,27,Tuesday,07:58 PM
2966,Heather Collins,Ice Cream,Dessert,2,8.85,Credit Card,2025,8,11,Monday,02:55 PM
1057,Hannah Brown,Soup,Starter,5,5.12,Credit Card,2025,4,8,Tuesday,03:59 AM
7424,Derek Cooper,Cake,Dessert,1,2.51,Credit Card,2025,3,16,Sunday,09:13 AM
3765,Roberto Farrell,Cake,Dessert,3,7.48,Online Payment,2025,7,16,Wednesday,01:38 PM
9130,Valerie Jones,Fries,Starter,4,18.67,Online Payment,2025,2,10,Monday,07:53 AM
7532,Dennis Turner,Brownie,Dessert,4,23.76,Online Payment,2025,8,10,Sunday,07:33 PM
5614,Elizabeth Jones,Pizza,Main,5,8.86,Cash,2025,5,4,Sunday,09:08 AM
2647,Jennifer Snyder,Fries,Starter,4,21.58,Debit Card,2025,5,1,Thursday,12:21 PM
4367,Christopher Frederick,Cake,Dessert,5,4.4,Cash,2025,4,5,Saturday,02:19 PM
3517,Christopher Ali,Cake,Dessert,2,19.52,Cash,2025,4,6,Sunday,03:15 AM
8008,Paul Wright MD,Pizza,Main,1,10.08,Online Payment,2025,7,22,Tuesday,06:25 AM
4569,Jonathan Turner,Burger,Main,4,19.73,Credit Card,2025,3,14,Friday,09:32 AM
9207,Joseph Kelley,Brownie,Dessert,4,13.24,Cash,2025,2,13,Thursday,01:16 AM
1177,Janice Sanchez,Soup,Starter,5,2.44,Cash,2025,4,7,Monday,01:48 PM
1489,James Moran,Ice Cream,Dessert,4,10,Cash,2025,1,2,Thursday,03:46 PM
5324,Lauren Mendez,Pizza,Main,1,22.59,Online Payment,2025,1,24,Friday,07:52 PM
9744,Jean Miller,Ice Cream,Dessert,5,9.69,Online Payment,2025,5,29,Thursday,12:50 PM
3312,Darrell Wolfe,Fries,Starter,2,21.63,Online Payment,2025,5,3,Saturday,03:11 PM
2859,Carolyn Wright,Soup,Starter,5,23.02,Cash,2025,3,29,Saturday,01:31 PM
7900,Evan Howard,Pizza,Main,4,3.61,Online Payment,2025,3,11,Tuesday,12:11 PM
6017,Norma Avila,Pasta,Main,4,20.7,Credit Card,2025,7,6,Sunday,02:32 PM
9855,Anthony Robinson,Brownie,Dessert,5,3.58,Credit Card,2025,5,2,Friday,07:51 AM
4718,James Rose,Pizza,Main,1,5.11,Credit Card,2025,4,28,Monday,03:34 AM
2144,Courtney Dixon,Cake,Dessert,5,13.65,Cash,2025,7,10,Thursday,03:21 AM
4700,Megan Peterson,Pizza,Main,4,18.38,Online Payment,2025,7,21,Monday,10:05 PM
4013,Jessica Richmond,Pizza,Main,4,17.87,Debit Card,2025,5,25,Sunday,02:25 PM
6920,Jennifer Hunter,Fries,Starter,3,17.36,Cash,2025,6,7,Saturday,11:18 AM
3164,Michael Woodward,Ice Cream,Dessert,3,14.01,Debit Card,2025,5,4,Sunday,03:28 AM
9913,Kevin Walker,Fries,Starter,2,18.8,Debit Card,2025,4,30,Wednesday,05:04 AM
1402,Heather Russell,Brownie,Dessert,4,15.75,Credit Card,2025,3,12,Wednesday,02:07 PM
7920,Jennifer Santos,Soup,Starter,1,6.65,Debit Card,2025,6,14,Saturday,08:05 PM
3680,Lucas Santiago,Brownie,Dessert,4,24.79,Cash,2025,5,22,Thursday,07:51 PM
8767,Gregory Hicks MD,Pizza,Main,2,3.25,Cash,2025,6,2,Monday,11:01 PM
8243,Anthony Armstrong,Fries,Starter,4,6.04,Debit Card,2025,8,12,Tuesday,11:49 PM
9450,Pamela Moore,Salad,Starter,3,22.03,Online Payment,2025,7,14,Monday,12:55 PM
9927,Gary Phillips,Pasta,Main,2,17.57,Debit Card,2025,3,24,Monday,08:55 PM
2141,Jennifer Williams,Pizza,Main,3,23.69,Debit Card,2025,6,17,Tuesday,11:43 AM
8174,Troy Roberts,Pasta,Main,2,7.19,Credit Card,2025,4,6,Sunday,05:47 AM
1595,Thomas Pineda,Cake,Dessert,5,19.21,Cash,2025,4,27,Sunday,08:08 AM
6626,Robert Campbell,Salad,Starter,1,21.57,Cash,2025,4,20,Sunday,01:58 PM
5816,Monique Camacho,Fries,Starter,2,4.4,Debit Card,2025,2,7,Friday,10:54 PM
8483,Ethan Combs,Ice Cream,Dessert,4,16.21,Online Payment,2025,3,5,Wednesday,08:27 PM
4002,Patrick Hammond,Ice Cream,Dessert,4,12.85,Credit Card,2025,4,24,Thursday,09:40 AM
9294,Thomas Aguirre,Salad,Starter,4,17.29,Debit Card,2025,6,15,Sunday,06:59 AM
8884,Larry Higgins,Pizza,Main,3,9.64,Debit Card,2025,5,30,Friday,04:30 PM
4478,Donald Scott,Soup,Starter,1,12.99,Online Payment,2025,6,27,Friday,12:46 AM
8875,Jennifer Moreno,Brownie,Dessert,2,20.3,Online Payment,2025,4,16,Wednesday,04:11 AM
3775,Heather Peterson,Burger,Main,5,14.54,Debit Card,2025,7,18,Friday,12:26 PM
6805,Michael Roberts,Fries,Starter,1,16.32,Credit Card,2025,1,29,Wednesday,03:45 AM
8360,Michael Skinner,Brownie,Dessert,4,19.7,Debit Card,2025,2,3,Monday,12:37 AM
1955,Derek Young,Cake,Dessert,2,8.64,Online Payment,2025,5,11,Sunday,09:18 PM
5940,Jeanette Flynn,Pizza,Main,1,13.85,Online Payment,2025,8,10,Sunday,02:16 AM
4403,Suzanne Graham,Soup,Starter,2,24.01,Cash,2025,3,27,Thursday,08:24 AM
2578,Brittany Watson,Soup,Starter,1,24.64,Cash,2025,2,5,Wednesday,12:37 AM
9772,Cody Gonzalez,Brownie,Dessert,5,2.81,Debit Card,2025,4,20,Sunday,06:49 PM
1326,Shane Garcia,Pizza,Main,3,21.3,Online Payment,2025,3,31,Monday,07:58 PM
2047,Miguel Mendoza,Ice Cream,Dessert,2,4.24,Credit Card,2025,5,5,Monday,04:18 AM
5946,Timothy Reeves,Ice Cream,Dessert,1,12.57,Credit Card,2025,2,11,Tuesday,01:52 AM
6314,Amanda Mahoney,Burger,Main,4,9.64,Cash,2025,5,17,Saturday,01:26 AM
6686,John Sutton,Burger,Main,2,6.44,Debit Card,2025,8,4,Monday,07:20 AM
1439,Eric Moss,Brownie,Dessert,5,7.94,Debit Card,2025,4,14,Monday,02:26 AM
9936,Debbie Castillo,Salad,Starter,2,15.76,Credit Card,2025,2,24,Monday,01:19 AM
3280,Kelly Curry,Ice Cream,Dessert,4,2.06,Cash,2025,4,18,Friday,01:57 AM
9997,Elizabeth Hunter,Soup,Starter,1,4.58,Debit Card,2025,1,11,Saturday,12:23 AM
5387,Elizabeth Frazier,Soup,Starter,1,16.58,Cash,2025,4,20,Sunday,02:29 AM
5318,Erica Browning,Burger,Main,5,2.15,Credit Card,2025,6,10,Tuesday,01:33 PM
2035,James Morgan,Pasta,Main,5,12.83,Credit Card,2025,3,6,Thursday,03:34 AM
6151,Margaret Mcdowell,Ice Cream,Dessert,2,13.64,Online Payment,2025,7,19,Saturday,03:04 AM
9414,Steven Melendez,Fries,Starter,4,15.55,Cash,2025,8,13,Wednesday,03:50 PM
6635,Diane Garza,Pizza,Main,4,21.66,Credit Card,2025,7,12,Saturday,09:30 AM
6244,Jason Russell,Burger,Main,1,5.86,Debit Card,2025,6,25,Wednesday,06:16 PM
2902,Catherine Martinez,Brownie,Dessert,4,20.26,Credit Card,2025,7,3,Thursday,08:17 PM
8786,Thomas Huynh,Ice Cream,Dessert,2,2.27,Debit Card,2025,6,15,Sunday,05:21 PM
2814,Susan Browning,Pizza,Main,1,8.5,Debit Card,2025,1,10,Friday,11:10 PM
5227,James Butler,Soup,Starter,4,13.64,Online Payment,2025,2,12,Wednesday,06:13 PM
6096,Joseph Hamilton,Brownie,Dessert,1,2.59,Online Payment,2025,7,9,Wednesday,08:52 AM
6323,Alyssa Anthony,Pizza,Main,1,21.31,Cash,2025,1,15,Wednesday,07:21 PM
9836,Jerry Pineda,Soup,Starter,3,15.99,Debit Card,2025,7,15,Tuesday,03:00 PM
1202,Brandy Smith,Pasta,Main,2,8.54,Credit Card,2025,8,3,Sunday,11:47 PM
7876,Ivan Haynes,Soup,Starter,5,20.54,Credit Card,2025,7,23,Wednesday,08:10 AM
1509,Amber Mendez,Ice Cream,Dessert,2,18.86,Online Payment,2025,8,9,Saturday,05:11 AM
